bit_high,gold_high
584.89,1963.3
579.97,1975.2
596.68,1959.7
596.01,1948.3
594.24,1947.4
591.2,1944.3
600.52,1956.6
599.15,1956.6
591.14,1980.4
590.07,2001.2
585.8,1985.8
574.97,1983
583.38,1987
581.1,1963.4
579.53,1944.1
577.86,1970.3
583.5,1963.1
585.32,1963.1
591.9,2015.6
589.87,2024.6
584.47,2000.8
580.71,1970
582.73,1974.8
580.41,1961
576.32,2040.5
578.61,2060.8
579.94,2089.2
578.25,2081.8
704.97,2070.3
577.6,2037.7
604.97,2009.5
615.2,2005.4
610.61,1987.3
611.95,1998.4
616.48,2000
629.3,1971.3
627.58,1933.6
627.45,1927.1
630.77,1899
610.62,1870.5
612.03,1846.1
612.16,1837.6
610.73,1843.7
610.36,1847.2
609.61,1843
612.38,1847.7
612.41,1846.3
611.27,1854.6
608.82,1857
599.78,1835
603.7,1821.3
605.92,1788.7
604.87,1813.9
608.46,1827.1
608.97,1823.5
606.9,1808.6
607.23,1804
608.78,1796.6
615,1810.7
614.21,1801.5
613.2,1793.6
612.68,1775.6
613.65,1765.2
612.68,1756.8
619.43,1757.5
619.56,1759.6
618.35,1770.5
618.81,1772.6
642.35,1767
642.51,1747.5
639.52,1726
640.46,1741.9
641.4,1747.3
642.18,1754.1
641.29,1771
639.34,1774.5
637.27,1767.1
630.83,1757.3
633.26,1743.3
659.89,1768
661.2,1731.35
654.32,1735.9
662.54,1768.3
678.39,1779.8
687.88,1785.1
688.43,1779.6
720.19,1800
714.91,1783
707.21,1765.1
734.36,1744.5
735.78,1737.2
744.43,1734.2
706.64,1752.7
706.38,1750.5
714.13,1733.4
711.66,1733.7
714.63,1735.5
741.23,1723.1
723.02,1745
719.79,1741.8
717.37,1740
705.61,1753
708.03,1765.5
716.93,1769.2
745.98,1747.1
751.91,1720.8
751.43,1722
755.34,1741.3
752.26,1771.2
744.33,1762.7
754.01,1789.5
750.93,1773.5
744.24,1740.6
741.25,1754.3
740.96,1693.9
738.29,1740.8
738.1,1713.5
737.04,1651.5
745.39,1645.2
755.48,1611
779.02,1642.2
772.32,1672.5
769.23,1659.3
769.18,1678
762.48,1695
769.02,1691.4
773.41,1583.7
773.48,1530
776.96,1508
774.16,1551.1
781.26,1561.5
790.33,1578.6
780.77,1604.2
780.27,1655.2
783.94,1677.6
791.57,1679.3
791.26,1712.1
793.73,1703.6
800.02,1687.2
833.13,1661.1
874.68,1663.8
920.26,1626
920.49,1667.1
895.24,1680.3
909.32,1676.7
937.91,1681.6
974.51,1711.8
982.57,1671.2
971.59,1645.5
965.47,1634.8
1001.61,1628.3
1031.68,1588.45
1035.47,1586.25
1148.54,1608.4
1150.63,1602
1027.42,1593.9
900.86,1597.9
936.13,1601.5
910.47,1598.3
911.32,1592.4
917.65,1587
828.21,1602.3
835.05,1619.6
838.9,1615.3
826.43,1612
836.66,1603.6
906.38,1607.1
913.67,1612.8
905.28,1601.4
901.49,1593.5
928.93,1585.5
938.38,1593.8
927.98,1562.7
925.61,1559.05
905.7,1588
919.32,1583.4
922.56,1582.2
921.89,1573.9
922.4,1586.8
922.35,1589.6
967.45,1587.5
986.57,1637.9
1009.13,1605.5
1023.72,1615.3
1041.04,1583.6
1033.66,1559.5
1030.6,1523.95
1054.1,1555
1069.23,1545.5
1073.03,1545
1005.6,1543
1014.32,1504.4
1007.82,1530.1
1007.61,1514.9
1013.8,1510
1010.93,1510.4
1040.28,1508.5
1057.39,1510
1063.21,1509.4
1056.48,1507.9
1081.78,1514
1123.03,1507
1132.25,1496
1181.6,1493.2
1211.74,1506
1180.01,1508
1177.47,1513.5
1195.82,1510.3
1208.22,1495.3
1225.04,1495.4
1286.98,1464.55
1291.35,1490.2
1285.78,1492
1273.28,1492
1280.61,1502.3
1280.89,1505.7
1242.04,1509.2
1206.97,1506.1
1330.42,1502.8
1202.69,1499.9
1235.46,1504.7
1245.63,1498.1
1255.52,1488.5
1256.95,1494
1260.24,1503
1174.9,1520.1
1103.61,1525.4
1063.67,1535
1057.5,1544.8
1125.53,1545
1121.88,1545
1062.79,1526.5
1038.38,1524.2
995.96,1536.2
1004.32,1549.9
1048.85,1534.7
1068.41,1526.1
1058.66,1519
1052.66,1524.9
1088.2,1526.1
1103.74,1527.6
1109.48,1522.2
1157.87,1524.5
1161.19,1530
1143.84,1534.6
1201.55,1548
1201.23,1543
1198.22,1540
1215.1,1538.9
1214.87,1541.3
1229.57,1551.8
1225.46,1536.3
1218.66,1520
1195.4,1533
1194.85,1538.3
1187.97,1547
1202.97,1572
1213.88,1573
1218.21,1562.5
1246.64,1553.5
1256.97,1540.4
1256.97,1549
1256.23,1542.3
1256.36,1546.5
1272.62,1543.4
1309.2,1558.6
1346.79,1534.4
1356.15,1532.6
1343.69,1546.6
1358.94,1559.9
1448.68,1584.1
1471.14,1590.7
1496.39,1583.9
1609.84,1540.05
1588.11,1542.9
1560.42,1566.9
1572.89,1578.8
1667.67,1578
1757.39,1579.3
1766.18,1584.5
1864.76,1563.5
1822.51,1538.8
1770.5,1540.6
1802.75,1540.7
1776.65,1543.9
1752.55,1557.7
1842.83,1561.2
1980.49,1553.1
1969.7,1571.7
2048.45,1550.1
2094.94,1543.8
2264.76,1542.1
2286.3,1547.7
2496.98,1511.1
2781.76,1505
2616.52,1476.2
2322.37,1485.6
2300.52,1469.6
2337.35,1472.4
2329.26,1461.7
2330.62,1460.4
2460.84,1468
2493.97,1467.2
2582.77,1459.6
2559.79,1466
2705.38,1487.4
2931.24,1488.5
2880.95,1467.3
2808.41,1453.4
2852.07,1452.3
2914.19,1450.9
2977.86,1467.2
2985.06,1450.5
2784.77,1430.8
2803.72,1436.9
2521.6,1433
2536.42,1426.65
2690.71,1465.5
2676.04,1428.6
2617.75,1444
2800.48,1451
2804.41,1444.5
2757.32,1445.4
2759.66,1473.9
2741.56,1449.6
2660.66,1444
2584.75,1428.7
2585.06,1382.1
2616.95,1394.5
2605.86,1384.2
2576.28,1389.2
2529.62,1378.7
2555.34,1373.8
2617.48,1369
2658.73,1378
2642.74,1388.5
2634.84,1370
2617.48,1376.6
2568.73,1366.5
2576.73,1356.5
2530.34,1347.8
2412.75,1332.4
2424.82,1327.8
2436.66,1322.6
2370.53,1286.85
2237.13,1285.15
2044.41,1329.2
2233.83,1328.4
2400.74,1321.3
2412.38,1320.1
2932.81,1324.2
2873.96,1322.5
2876.71,1333.1
2856.67,1344.5
2798.89,1343.4
2779.08,1350.2
2631.73,1337.2
2712.92,1335.1
2843.78,1338
2812.13,1335.8
2773.06,1334
2916.3,1331.7
2946.02,1323
2773.8,1334.2
2822.88,1335.7
2892.67,1331.6
3344.01,1339.2
3295.07,1330.2
3425.13,1329.9
3494.87,1323.8
3437.15,1328.5
3453.84,1277.9
3706.48,1326.9
3967.26,1327.6
4189.42,1329.1
4336.71,1342.4
4436.48,1346.3
4398.06,1356.6
4487.5,1363.9
4362.73,1358.4
4189.68,1351.9
4182.29,1345.2
4097.25,1343.5
4142.68,1344
4255.62,1343.2
4364.11,1342.7
4461.71,1354.1
4379.28,1348
4408.18,1363.8
4403.13,1369.3
4647.83,1378.1
4644.06,1368.2
4765.07,1364.5
4925.23,1359.5
4976.52,1364.7
4719.78,1359.4
4621.01,1360.6
4496.67,1352.9
4660.04,1368.1
4690.55,1356.6
4699.59,1350
4402.15,1358.5
4338.08,1344.9
4364.42,1346.5
4387.76,1343.5
4174.58,1346.3
3930.69,1358.3
3824.43,1374
3893.67,1380.5
3796.56,1387.9
4122.75,1389
4120.71,1392.5
4053.04,1388
3912.79,1406.7
3753.51,1403.9
3813.39,1330.75
3790.89,1324.95
3971.5,1381.2
3982.31,1373.2
4232.35,1374.6
4274.64,1373.2
4237.51,1371.2
4383.27,1377.8
4412.62,1373.6
4477.38,1373.8
4435.99,1378.6
4355.29,1378.3
4365.76,1382.6
4422.15,1384
4472.92,1377.6
4622.87,1375.6
4875.38,1369.8
4930,1360
4874.89,1344.9
5432.63,1349.3
5852.78,1348.4
5839.62,1282.95
5862.69,1282.7
5795.33,1348.1
5773.32,1357.9
5601.3,1359.3
5737.41,1353.7
6075.32,1357.2
6187.2,1355.4
6070.56,1353
6048.98,1357.3
5904.63,1351.1
5747.96,1355.2
5970.4,1351.8
5997.83,1359.8
5871.04,1349.5
6295.43,1284.75
6226.18,1347.1
6467.2,1348.3
6738.74,1346.5
7339.91,1343
7445.62,1274.55
7492.24,1337
7599.44,1323.1
7429.7,1333.1
7222.37,1321.3
7869.1,1318.5
7457.12,1317.4
7318.97,1307
6821.5,1313.2
6490.53,1315.8
6760.15,1312.9
6728.59,1314.8
7330.06,1319.5
7964.64,1313.9
8000.19,1309.6
7857.52,1313.6
8100.87,1306.4
8294.12,1289.7
8368.36,1297
8304.37,1296.4
8266.55,1286.5
8332.94,1295.8
8761.98,1296.1
9474.62,1229.7
9733.61,1300.8
9969.58,1293.4
11417.84,1297.5
10689.06,1294.9
10942.8,1287.6
11175.23,1283.2
11851.09,1274.7
11624.63,1276.8
11901.87,1282.2
13843.2,1299.3
16879.26,1302.8
17294.85,1300.4
16313.18,1306.4
15783.2,1307.3
17399.18,1312.2
17560.65,1291.1
17267.96,1296.7
16941.08,1301.1
17987.03,1309.7
19587.7,1306.7
19870.62,1305.5
19221.1,1312
19021.97,1299.8
17813.6,1303.8
17301.83,1305.1
15823.72,1301.9
15493.23,1305.8
14413.72,1305.4
14467.43,1296.3
16094.67,1271.2
16514.59,1267.7
15505.51,1265.8
15109.81,1262.9
14461.46,1280.2
14241.82,1275.5
13921.53,1276.7
15306.13,1280.7
15435.01,1264.4
15408.66,1270
17126.95,1260
17252.85,1271.8
17184.81,1278.2
16302.92,1277.4
15390.28,1274.3
14919.49,1284.4
14979.96,1281.5
14129.08,1275.7
14595.04,1278.4
14415.67,1273.8
14355.82,1281
13648.84,1271
11736.3,1274.4
12018.43,1271.6
11780.49,1272.1
13031.04,1275.7
12787.35,1271.9
11913.74,1270.2
11388.52,1209.6
11531.6,1206.6
11741.92,1277.7
11656.54,1276.1
11638.69,1283.3
12064.19,1286.4
11860.29,1288
11263.7,1285
10377.96,1265.2
10280.84,1280.2
9147.93,1272.9
9504.37,1266
9400.99,1258.1
8391.29,1258
7932.38,1265.8
8572.68,1273.4
8643.94,1274.1
8743.2,1294.6
9081.49,1295.8
8573.35,1296.8
8997.34,1294.2
8955.15,1305
9508.22,1298.4
10223.58,1308
10303.14,1304
11119.45,1309.8
11288.34,1309.1
11265.96,1309
11802.23,1311.5
11295.58,1316.7
10941.57,1310.8
10420.67,1307.6
10528,1316.8
9873.79,1302
10457.51,1315
10879.38,1320
11067.76,1327.5
11090.3,1327
11191.94,1335.2
11530.66,1333.1
11539.79,1344.9
11694.15,1348.8
11441.65,1344.6
10913.7,1347.4
10119.21,1262.4
9433.38,1342.2
9518.62,1329.7
9735.64,1343.7
9907.41,1340
9486.12,1345.5
9360.66,1350
8432.12,1353.7
8616.63,1365
8360.64,1360
8299.86,1376.8
8725.6,1369.6
9056.23,1371.5
9184.51,1369.7
9107,1401
8935.88,1393.9
9036.23,1392.2
8690.36,1395.9
8521.04,1394.8
8226.24,1394.8
8117.79,1393.9
7983.77,1394.5
7280.27,1390.5
7228.4,1392.4
7056.22,1395
8218.66,1396.7
7528.97,1393.7
7442.42,1299.7
6933.66,1299.9
6869.53,1403.2
7083.85,1404.2
7132.03,1389.2
7204.28,1392.1
6922.84,1391.1
6999.37,1391.3
8051.95,1390
8237.16,1392.1
8195.34,1405.3
8437.03,1417.9
8430.93,1420.4
8187.6,1422.1
8246.57,1413.5
8321.01,1413.8
8945.14,1414.2
9047.82,1414.7
9043.98,1412.4
9025.73,1405.3
9741.91,1406.4
9765.23,1419.1
9315.13,1423.6
9385.87,1418
9435.9,1422.9
9552.67,1433.1
9459.81,1424
9251.66,1442
9271.62,1453
9817.19,1460.1
9785.15,1449.3
9968.85,1450.6
9936.96,1447.9
9662.23,1441.4
9472.09,1460
9373.46,1445.5
9393.95,1439.6
9032.27,1435.9
8653.8,1428.1
8773.96,1439.7
8883,1436.5
8848.69,1445.8
8501.65,1426
8476.45,1428.9
8280.45,1447.8
8397.27,1461
8591.45,1455
8585.85,1432.2
8428.6,1426.6
8031.63,1416.2
7729.48,1421.7
7652.37,1416.3
7626.69,1421.7
7420.07,1429.7
7455.55,1433.4
7533.03,1424.8
7571.08,1428
7608.87,1423.7
7614.66,1427.9
7697.34,1435.9
7774.96,1420.5
7760.73,1424.2
7672.7,1406
7701.35,1419.2
7755.92,1419.6
7709.61,1433.1
7691.74,1429
7514.04,1431.4
6913.85,1430.6
6888.33,1428.4
6623,1353.9
6719.44,1352.4
6667.23,1452.8
6569.15,1451.5
6585.77,1452.9
6802.03,1424.8
6839.6,1420.9
6817.9,1410.1
6790.08,1414.8
6731.51,1410.7
6257.88,1425.4
6254.02,1432.9
6344.45,1434.6
6286.36,1445.1
6192.11,1439.4
6172.23,1436.2
6286.67,1441.3
6503.33,1453.7
6429.5,1463.1
6673.71,1456.3
6670.3,1434.2
6777.97,1429.6
6691.32,1425.9
6633.44,1419
6814.42,1431
6782.85,1428.1
6803.1,1344.9
6683.61,1338.6
6405.59,1425.7
6394.93,1411.4
6349.21,1408.3
6332.46,1398
6401.5,1407.4
6761.84,1408.3
7476.24,1407.3
7590.65,1399
7563.7,1400.1
7676.55,1309.7
7453.07,1391.9
7569.28,1372.1
7798.59,1372.3
8485.71,1368.5
8481.11,1279.5
8302.24,1354.3
8278.01,1351.3
8238.04,1350.4
8291.55,1344.8
8273.61,1345.6
8176.27,1337.4
7760.74,1342
7713.32,1328.7
7542.49,1321.9
7490.89,1326.8
7092.53,1330.5
7160.4,1327.6
7150.86,1346.2
6723.99,1345.1
6631.23,1358
6582.14,1362.8
6488.55,1357.3
6483.39,1382
6545.02,1379
6266.5,1378.7
6620.07,1371.6
6478.07,1293.87
6594.72,1376.4
6622.16,1364.8
6560.88,1357.6
6537.54,1378
6506.69,1359.4
6890.79,1358.7
6575.28,1364.2
6736.83,1360.4
6808.89,1354.5
6793.17,1366.8
6944.21,1362.3
7136.71,1353.9
7137.47,1359.7
7072.64,1346.9
7096.73,1355.4
7272.03,1354.6
7384.38,1347.7
7350.58,1354.9
7417.65,1351.7
7401.43,1346.5
6727.19,1355.5
6549.39,1354.2
6480.57,1356.9
6451.25,1356.2
6371.42,1365.9
6415.51,1359.3
6357.89,1362.5
6534.89,1382
6591.59,1372
6573.19,1372.3
6525.05,1364.5
6538.82,1374.7
6393.39,1362
6522.9,1350
6551.93,1348.3
6785.22,1351
6834.49,1353.3
6768.56,1350.1
6717.6,1357.6
6583.54,1361.3
6543.92,1360.7
6733.94,1374.1
6806.1,1382
6635.42,1369.4
6741.96,1367.3
6662.6,1388.3
6618.95,1382.6
6537.07,1380.3
6622.32,1395.1
6683.55,1399.2
6637.08,1396.7
6622.49,1406.6
6698.31,1404.1
6657,1419.3
6633.22,1418
6581.59,1405.9
6296.56,1411.2
6280.73,1344.59
6346.56,1342.07
7234.83,1397.1
6724.91,1393.7
6589.2,1380.9
6616.27,1385.7
6503.09,1381.9
6645.2,1364.8
6557.39,1358.9
6531.23,1361.7
6496.2,1358.6
6538.35,1364.1
6497.9,1372.5
6514,1359.9
6479,1350.8
6483.24,1347.5
6483.39,1358.1
6340.68,1361.4
6391.25,1357.8
6402.59,1347
6420.93,1330.4
6398.09,1326.4
6498.16,1331.7
6475.8,1341.6
6482.81,1345.5
6562.79,1346.3
6542.42,1340.7
6457.97,1342.6
6419.92,1333.7
6414.18,1322.4
6435.41,1323.2
6389.43,1323.6
6375.7,1325.9
5767.06,1317.1
5676.54,1313.7
5602.01,1313.5
5701.35,1305.4
5615.98,1289
4953.56,1288.5
4689.55,1291.2
4640.72,1287.7
4419.48,1286
4432,1282.3
4165.93,1296.7
4124.7,1293.9
3878.9,1228.03
4398.57,1289.9
4444.39,1314
4331.07,1322.8
4309.65,1320.8
4318.79,1318.4
4159.01,1317.7
4082.68,1327.7
3961.8,1320.4
3883.43,1317.1
3576.11,1315.2
3602.49,1318.8
3718.58,1328.5
3645.49,1326.8
3483.58,1348.2
3545.37,1342.8
3493.76,1341.5
3333.24,1343.9
3271.76,1351.9
3319.83,1365.6
3639.65,1370
3727.99,1355.6
3969.7,1353.1
4225.52,1343.2
4247.71,1348.5
4060.34,1339.1
4117.65,1268.6
4303.37,1269.02
4094.61,1344.8
3923.93,1333.3
3888.92,1329.7
4007.71,1332.1
4004.14,1338
3925.18,1329.9
3904.28,1340
3938.75,1336.2
3989.59,1312.7
3965.52,1308
3901.65,1305.7
3926.92,1302.9
4145.16,1305.2
4132.62,1306.1
4156.16,1306.1
4092.91,1305.8
4085.09,1312.1
3729.69,1326.9
3692.12,1336.1
3675.2,1334.6
3748.88,1347.1
3724.3,1344.7
3704.37,1343
3695.28,1346
3685.39,1355.8
3799.62,1378
3754.65,1361.7
3599.83,1360.5
3635.69,1370.9
3631.15,1369.8
3616.33,1289.65
3607.43,1366.7
3676.4,1357.3
3605.99,1353.4
3567.56,1333.3
3463.2,1336.8
3488.91,1332.4
3499.78,1327.5
3478.55,1333.1
3519.14,1332.7
3514.43,1339
3470.8,1344
3447.88,1335.5
3459.33,1338.7
3406.54,1337.4
3735.1,1330.4
3673.71,1328.5
3689.32,1331.5
3688.59,1316.5
3648.67,1317.2
3655.89,1313.6
3619.7,1310.7
3640.65,1284.3
3639.75,1286.3
3706.17,1294
3952.44,1284
4010.91,1285.7
3992.31,1291.9
4026.54,1307.6
3996.15,1307.3
4192.39,1308.8
4221.62,1313.9
3885.06,1331.1
3852.66,1334.3
3851.84,1339.1
3909.86,1338.4
3866.12,1331.7
3846.38,1313.3
3853.28,1319.2
3831.01,1240.15
3893.52,1239.25
3916.29,1319.4
3911.76,1322.7
3932.02,1314.2
3975.25,1304.9
3948.21,1304.9
3941.99,1319
3904.7,1315.4
3898.25,1323.9
3922.21,1314.1
3935.1,1313.3
4069.11,1302.2
4030.38,1300.6
4038.99,1291
4032.04,1291.8
4064.95,1276.4
4082.29,1271.7
4018.21,1275.1
4019.36,1281.1
4010.3,1299.6
4005.29,1298.9
3943.2,1289.2
4054.32,1284
4046.44,1295.7
4122.89,1297.4
4146.88,1208.45
4129.43,1205.05
4164.33,1281.3
5104.42,1283.3
5335.7,1280
5071.98,1268.5
5074.13,1262.8
5240.19,1256
5266.04,1262.1
5347.88,1247.1
5294.09,1234
5460.94,1153.25
5343.66,1239
5118.61,1241.2
5128.96,1224
5186.82,1221.9
5195.31,1136.05
5232.03,1135
5270.76,1216.8
5317.78,1213.8
5353.01,1216.5
5366.6,1217
5348.59,1225.9
5444.76,1220.9
5626.83,1213.1
5633,1238.3
5521.61,1233.6
5361.94,1240.3
5282.97,1236
5313.7,1246.4
5299.51,1250.6
5372.23,1235
5417.17,1236.7
5531.15,1242.4
5891.9,1233.7
5901.36,1238.4
5849.5,1255.5
5823.67,1258.6
6031.54,1245.5
6032.25,1190.3
6194.91,1256.9
6444.57,1278
7394.94,1276.8
7541.61,1276.4
8127.75,1283.8
8297.02,1290.3
8263.29,1290.9
8352.25,1286.9
7930.98,1282.7
7491.67,1326.6
8281.66,1334
8193.14,1336.2
8102.32,1340.4
8033.76,1365.7
7971.26,1363.8
8165.45,1368
8140.82,1348
8779,1333.7
8931.53,1337.1
8818.71,1330
8760.48,1324.6
9065.89,1331.6
8570.78,1317.2
8619.21,1323
8819.9,1323.5
8740.24,1325.2
8114.49,1318.6
7917.14,1311.8
7872.1,1310.4
8127.63,1312.3
8058.91,1307.7
7964.75,1309.5
8061.5,1313.9
8049.78,1304.5
8250,1305.5
8326.2,1321.3
8724.42,1322.1
8905.14,1365.9
9372.89,1383.5
9468.85,1379.1
9357.22,1376.7
9313.18,1384.4
9600.28,1398.6
10230.86,1396
11207.97,1399.2
11285.51,1388.3
11100.92,1374.7
11778.22,1374.4
13826.76,1367.1
13314.05,1379.3
12433,1386.7
12362.9,1380.8
12200.02,1384.4
11207,1393.1
10927.6,1400.2
12009.59,1407.1
12055.11,1411.1
11435.38,1332.15
11709.27,1328.75
11605.43,1385.3
12386.28,1372.6
12808.06,1367.9
13183.73,1374.5
12099.91,1384.4
11931.91,1383.2
11835.87,1384.4
11447.92,1389
11070.18,1407.8
11025.76,1405.2
9982.24,1408
10776.54,1419.1
10757.41,1410.6
11094.32,1410.7
10833.99,1410.6
10676.6,1406.8
10328.44,1414
9920.54,1415.6
10184.43,1409.9
9890.05,1405.3
10202.95,1407.9
9591.52,1427.9
9717.69,1423.9
9749.53,1429.4
10123.94,1416.2
10488.81,1415.7
10666.64,1402.8
10915,1392
11074.95,1382.6
11945.38,1381.3
12316.85,1385.5
12138.55,1392.2
12042.87,1379.7
12027.57,1392.3
11971.35,1385.4
11584.35,1383.5
11554.74,1387.7
11439.48,1399
10873.44,1390.7
10451.61,1411.3
10544.97,1412
10474.64,1415
10512.89,1422.8
10937.26,1414.4
10956.06,1360.15
10805.7,1347.55
10231.99,1394.3
10468.14,1375
10430.99,1381.4
10353.95,1372.2
10626.93,1378.8
10381.92,1376.8
10281.59,1317.7
9724.52,1322.1
9699.85,1324.6
9714.11,1344.2
9823.53,1342.9
10459,1345.6
10773.27,1335
10827.14,1335.2
10659.6,1337.7
10938.39,1327.7
10574.99,1324.4
10595.71,1314
10514.59,1298.8
10395.1,1299.4
10251.97,1294.6
10472.07,1264.9
10591.45,1267.2
10455.38,1269.3
10401.53,1213.15
10411.06,1267.6
10297.99,1273.6
10272.19,1277.4
10368.46,1282.7
10321.18,1304.9
10187.64,1305.9
10096.66,1305.9
10073.79,1324.3
9787.58,1324.9
8752.2,1321.8
8471.02,1319.5
8304.22,1317.7
8345.03,1322.6
8265.99,1311.3
8372.24,1312.9
8537.6,1340.1
8403.51,1317.8
8434.63,1324.3
8267.11,1342.8
8232.25,1347.3
8221.03,1341.4
8326.01,1316.8
8354.19,1299.8
8697.56,1292.4
8672.58,1289.1
8834.11,1278.8
8439.44,1299.5
8498.59,1302.3
8414.24,1300.8
8439.31,1280.3
8193.41,1279.7
8145.5,1272.1
8157.36,1293.9
8108.69,1306.4
8326.13,1302.4
8359.52,1287.3
8318.41,1282.3
8071.8,1268.8
7524.31,1274.5
8783.85,1264.7
10380.48,1268.9
9805.42,1280.9
9934.71,1276.9
9565.11,1286.3
9441.8,1270.7
9423.16,1216.7
9308.62,1272.4
9400.44,1299
9396.1,1298.8
9578.74,1292.7
9495.36,1302
9455.53,1314.1
9382.63,1280.9
9263.83,1280.2
8881.08,1286.4
9126.98,1308.6
9084.49,1299
8868.85,1304
8840.33,1309
8811.04,1310.3
8773.4,1315.6
8539.42,1300.7
8641.12,1283
8537.87,1271.2
8215.95,1273.3
8232.23,1258.8
8133.73,1277
7721.9,1277.1
7368.18,1261.4
7364.59,1246
7386.06,1267.4
7350.44,1262.5
7681.51,1247.2
7663.45,1230
7872.17,1235.1
7821.01,1235.9
7575.5,1271.2
7442.62,1269
7420.34,1232.6
7764.68,1236.9
7492.96,1243.8
7607.79,1220.4
7640.51,1197.7
7594.8,1183.3
7667.04,1170.1
7403.64,1173.5
7284.74,1161.9
7307.96,1163.7
7308.08,1163.9
7283.78,1167.3
7204.93,1152.4
7172.46,1142.6
6948.12,1143.6
7442.26,1151.7
7376.98,1135.8
7234.56,1093.3
7213.86,1090.8
7527.4,1137.5
7694.65,1123
7429.42,1137.4
7280.52,1137.1
7442.21,1148.5
7267.46,1151.7
7368.09,1162.7
7540.65,1151.9
7414.07,1138.4
7325.24,1135.5
7267.16,1121
7224.84,1120.8
7407.11,1128.6
7405.75,1128.1
7501.42,1135.9
7799.63,1128.2
8218.63,1134
8458.65,1140.5
8047.11,1123.3
8192.05,1108.1
8287.42,1135.3
8185.14,1119.8
8200.4,1121.4
8874.07,1133.8
8890.04,1130.3
8846.78,1134.9
9004.35,1134
8974.65,1134.3
9177.39,1143.2
8737.36,1120.6
8771.75,1112.4
8793.74,1122
8680.93,1123.9
8517.5,1114.5
8444.32,1074.2
8605.33,1128.4
8991.01,1131.6
9407.39,1124.7
9429.16,1133.8
9561.26,1135.2
9518.87,1126.9
9455.92,1138.4
9469.84,1142.5
9605.66,1141.3
9347.12,1141.3
9750.28,1145.4
9853.08,1149.4
9866.18,1149.2
9936.26,1147.9
10162.71,1160.1
10185.09,1161.2
10370.44,1168.6
10475.43,1190.4
10500.54,1195.2
10387.37,1201.8
10388.6,1229.3
10042.6,1218.2
9958.46,1220.3
10274.35,1218.7
10300.04,1228.2
9698.59,1229.7
9766.16,1240.9
9720.21,1236.3
10011.4,1246.6
10019.3,1251.4
9682.05,1243.6
9379.07,1231.7
8978.84,1231.1
8908.8,1222.4
8815.63,1209.9
8776.71,1214
8983.78,1211.3
8940.69,1203.5
8863.91,1204.2
9179.74,1182.1
9183.26,1183.6
9225.42,1199.1
8920.28,1204.4
8200.82,1218.8
8165.09,1226.9
7998.79,1206.3
7984.16,1199.6
5984.55,1209.4
5665.57,1214.1
5961.78,1194.9
5364.93,1188.4
5561.43,1180.5
5451.02,1185.7
6418.99,1181.9
6932.04,1187.9
6459.65,1180.7
6415.14,1199.9
6614.56,1124
6857.49,1123.1
6980.29,1200.5
6796.12,1203.5
6876.97,1214.4
6384.56,1221.3
6286.96,1216.9
6616.94,1218.4
6531.66,1207.2
6716.04,1209
7245.15,1223.7
7044.01,1238.9
7010.45,1246.8
6910.39,1242.2
7359.05,1217.1
7462.51,1206.3
7425.85,1207.9
7374.01,1202.3
7304.8,1205.1
6956.27,1213
7199.97,1197.7
6913.76,1195.8
6986.75,1185.8
6937.49,1181.6
7207.11,1177.1
7155.17,1178.7
7304.35,1176.8
7276.84,1183.1
7225.23,1183.4
6948.78,1187.5
7165.43,1190.6
7731.56,1190.6
7607.28,1180
7708.4,1190.1
7705.3,1187.6
7790.33,1199.5
7791.85,1205.5
8952.44,1230.7
9460.77,1243.2
9066.47,1246.3
9013.29,1252.4
9197.48,1255
8968.9,1256.6
9119.13,1255.1
9408.99,1258.6
10064.33,1249.5
10041.73,1270.6
9912.22,1169
9556.85,1261.5
9164.84,1268.5
8975.74,1270.8
9407.67,1278
9937.97,1273.1
9841.71,1270.3
9584.9,1271
9885.55,1274.8
9943.74,1282.1
9890.69,1299.4
9832.94,1300.8
9566.81,1276.9
9265.04,1279.4
9311.34,1285.8
9307.11,1281
8977.43,1282.6
9011.53,1288.6
9222.3,1276.8
9619.34,1272
9601.43,1266.8
9735.73,1270.1
9703.51,1279.9
10359.02,1287.8
10232.25,1280.4
9666.25,1280.7
9877.89,1280.5
9846.54,1278.6
9728.4,1288.9
9806.21,1209
9801.19,1205.8
9884.83,1299.7
9990.4,1298.1
9970.77,1303.5
9548.13,1318.2
9492,1321.2
9479.56,1318.9
9498.69,1319
9585.17,1312.2
9550.06,1287
9480.04,1277.3
9419.99,1282.5
9394.04,1278.5
9418.22,1286.7
9774.79,1288.2
9720.11,1279
9664.38,1266.1
9335.65,1273
9289.32,1300
9190.27,1301.4
9189.74,1289.2
9234.33,1260.4
9200.99,1282
9299.67,1274.7
9267.84,1289.1
9127.05,1279.3
9195.91,1288.1
9152.87,1283
9372.09,1286.5
9378.69,1278.1
9471.65,1287.8
9441.67,1293.3
9317.31,1281.6
9302.22,1291.1
9339.99,1298.4
9336.42,1305.4
9279.57,1288.2
9272.57,1288.2
9216.53,1294.2
9183.08,1272.2
9205.94,1276.4
9238.3,1291.9
9224.76,1297
9435.55,1287.3
9551.87,1281.2
9675.5,1277.5
9647.83,1274.7
9744.72,1259.5
10140.55,1247.5
11397.48,1244.5
11253.39,1249.3
11348.53,1248.9
11182.76,1249
11454.11,1248.4
11874.77,1258.1
12106.89,1268
11476.29,1265.6
11415.16,1296.1
11791.62,1300.6
11909.81,1304.2
11912.62,1305.8
11811.4,1309.4
11802.93,1306.1
12074.31,1296
11940.4,1293.1
11621.05,1298.7
11795.34,1303.2
11863.43,1306.9
11981.62,1301.5
11934.96,1323.3
12474.73,1236.4
12397.4,1229.3
12021.8,1325.2
11888.72,1318.7
11882.67,1319.2
11686.02,1331.2
11713.62,1339.9
11827.45,1332.6
11767.64,1354.9
11542.65,1367
11591.64,1367.3
11553.81,1382.4
11585.98,1384.6
11718.98,1380.2
11775.27,1402.2
12062.06,1414.7
11954.28,1405.6
11469.2,1417.6
10638.71,1425.2
10570.95,1391.1
10361.12,1380
10411.92,1279.5
10443.72,1281.9
10349.09,1404.9
10493.32,1380
10412.6,1364.5
10412.41,1377.4
